{
  "accuracy": 0.8275862068965517,
  "confusion_matrix": [
    [
      12,
      2
    ],
    [
      3,
      12
    ]
  ],
  "classification_report": {
    "Безопасно": {
      "precision": 0.8,
      "recall": 0.8571428571428571,
      "f1-score": 0.8275862068965518,
      "support": 14.0
    },
    "Скрытое оскорбление": {
      "precision": 0.8571428571428571,
      "recall": 0.8,
      "f1-score": 0.8275862068965518,
      "support": 15.0
    },
    "accuracy": 0.8275862068965517,
    "macro avg": {
      "precision": 0.8285714285714285,
      "recall": 0.8285714285714285,
      "f1-score": 0.8275862068965518,
      "support": 29.0
    },
    "weighted avg": {
      "precision": 0.8295566502463054,
      "recall": 0.8275862068965517,
      "f1-score": 0.8275862068965518,
      "support": 29.0
    }
  },
  "num_examples": 143,
  "num_train": 114,
  "num_val": 29
}